training_row_index,actual_class,model_probability
51562,0,0.0
173043,0,0.0
157859,0,0.0
100515,0,0.0
52663,0,0.0
79274,0,0.0
158695,0,0.0
153020,0,0.0
3227,0,0.0
181422,0,0.0
16021,0,0.0
130776,0,0.0
65304,0,0.0
226547,0,0.0
58777,0,0.0
174315,0,0.0
91630,0,0.0
12927,0,0.0
60466,0,0.005
37968,0,0.0
215593,0,0.0
97595,0,0.0
70513,0,0.0
22311,0,0.005
212286,0,0.0
222994,0,0.0
84733,0,0.0
64594,0,0.0
46122,0,0.0
137853,0,0.0
142235,0,0.0
75082,0,0.0
15110,0,0.0
196194,0,0.0
202970,0,0.0
12233,0,0.0
171063,0,0.0
44231,0,0.0
69430,0,0.0
30205,0,0.0
168875,0,0.0
114537,0,0.0
156051,0,0.0
136664,0,0.0
190394,0,0.0
127079,0,0.0
71571,0,0.0
111640,0,0.0
217335,0,0.0
111418,0,0.0
170338,0,0.0
186521,0,0.0
30459,0,0.0
164386,0,0.0
125656,0,0.0
133773,0,0.0
190828,0,0.0
211868,0,0.0
67353,0,0.0
133067,0,0.0
185526,0,0.0
210657,0,0.0
205069,0,0.0
162134,0,0.0
37451,0,0.0
58500,0,0.0
63130,0,0.0
36792,0,0.0
183750,0,0.0
10936,0,0.0
76261,0,0.0
47765,0,0.0
179622,0,0.0
104367,0,0.01
147202,0,0.0
40673,0,0.0
10624,0,0.0
135132,0,0.0
211117,0,0.0
138096,0,0.0
209537,0,0.0
13452,0,0.0
165225,0,0.0
71538,0,0.0
37028,0,0.0
130793,0,0.0
80284,0,0.0
170290,0,0.0
5297,0,0.0
204927,0,0.0
205226,0,0.0
84320,0,0.0
176349,0,0.0
64418,0,0.0
179536,0,0.0
114800,0,0.0
20807,0,0.0
204656,0,0.0
23012,0,0.0
202802,0,0.005
50363,0,0.0
132026,0,0.005
173193,0,0.0
169355,0,0.0
44719,0,0.0
9969,0,0.0
203149,0,0.0
41148,0,0.0
187078,0,0.0
196581,0,0.0
120702,0,0.0
159239,0,0.005
180748,0,0.0
119400,0,0.0
180426,0,0.0
136508,0,0.0
106402,0,0.0
102351,0,0.0
43726,0,0.005
127997,0,0.0
61682,0,0.0
129654,0,0.0
209879,0,0.0
48958,0,0.0
197852,0,0.0
205862,0,0.0
24271,0,0.0
17242,0,0.0
69250,0,0.0
127516,0,0.005
191867,0,0.0
156190,0,0.0
49947,0,0.0
195505,0,0.0
3492,0,0.0
195580,0,0.0
207993,0,0.0
34355,0,0.0
112815,0,0.0
198866,0,0.0
52649,0,0.0
13342,0,0.0
31734,0,0.005
50417,0,0.0
114563,0,0.0
121598,0,0.0
16721,0,0.0
59440,0,0.0
223088,0,0.0
217300,0,0.0
884,0,0.0
18597,0,0.0
34102,0,0.0
127341,0,0.0
72817,0,0.0
189101,0,0.0
114898,0,0.0
197791,0,0.0
96252,0,0.0
176668,0,0.0
135084,0,0.0
15229,0,0.0
125962,0,0.0
96530,0,0.0
119542,0,0.0
2571,0,0.0
125795,0,0.0
98488,0,0.0
19852,0,0.015
222438,0,0.0
132982,0,0.0
202152,0,0.0
77566,0,0.005
149743,0,0.0
184677,0,0.0
180281,0,0.0
176897,0,0.0
195734,0,0.0
73496,0,0.005
188595,0,0.0
106370,0,0.0
164513,0,0.0
194709,0,0.0
220823,0,0.0
115230,0,0.0
118826,0,0.0
153583,0,0.0
100233,0,0.0
84536,0,0.0
176472,0,0.0
102152,0,0.0
135340,0,0.0
134421,0,0.0
161020,0,0.0
128735,0,0.0
141217,0,0.0
150479,0,0.0
198665,0,0.0
12080,0,0.0
56310,0,0.0
75310,0,0.0
181133,0,0.0
175119,0,0.0
37053,0,0.0
122825,0,0.0
174150,0,0.0
158752,0,0.0
145947,0,0.0
80763,0,0.0
134727,0,0.0
179443,0,0.0
25454,0,0.0
193368,0,0.0
175521,0,0.0
26743,0,0.0
156037,0,0.0
111309,0,0.0
113639,0,0.0
215131,0,0.0
84820,0,0.0
78503,0,0.0
87291,0,0.0
191826,0,0.0
13037,0,0.0
41526,0,0.0
108103,0,0.0
71832,0,0.0
137831,0,0.0
167525,0,0.0
185843,0,0.0
28907,0,0.0
76741,0,0.0
25643,0,0.02
202733,0,0.0
211735,0,0.0
46801,0,0.0
181188,0,0.0
149289,0,0.0
51852,0,0.0
25405,0,0.0
180851,0,0.0
118332,0,0.0
205212,0,0.0
133017,0,0.0
117483,0,0.0
62696,0,0.0
213146,0,0.0
195942,0,0.0
94353,0,0.0
210915,0,0.0
71759,0,0.0
105815,0,0.0
210735,0,0.0
92681,0,0.0
70626,0,0.0
186232,0,0.0
121796,0,0.0
40659,0,0.0
129214,0,0.0
176013,0,0.0
9239,0,0.0
24420,0,0.0
133842,0,0.0
179873,0,0.0
184288,0,0.0
21598,0,0.0
203996,0,0.0
136560,0,0.005
198333,0,0.0
123255,0,0.0
127064,0,0.0
713,0,0.0
74119,0,0.0
56136,0,0.0
45402,0,0.0
69641,0,0.0
63949,0,0.0
21729,0,0.02
122100,0,0.0
182150,0,0.0
135371,0,0.0
206050,0,0.0
10592,0,0.0
182141,0,0.0
138211,0,0.0
134575,0,0.0
112527,0,0.0
88254,0,0.0
30385,0,0.0
68813,0,0.0
60511,0,0.0
70689,0,0.0
92629,0,0.0
161273,0,0.0
13678,0,0.0
38209,0,0.0
151289,0,0.0
42305,0,0.0
38171,0,0.0
179994,0,0.0
52751,0,0.0
112240,0,0.0
193533,0,0.005
175417,0,0.0
141729,0,0.0
78460,0,0.0
76131,0,0.0
195300,0,0.0
130451,0,0.0
197216,0,0.0
197527,0,0.0
177478,0,0.0
85177,0,0.0
201680,0,0.0
196224,0,0.0
154421,0,0.0
84232,0,0.0
20475,0,0.0
16507,0,0.0
214478,0,0.0
55681,0,0.0
155490,0,0.0
56102,0,0.0
63859,0,0.0
101315,0,0.0
159318,0,0.0
51903,0,0.0
97875,0,0.0
127971,0,0.0
95600,0,0.0
30356,0,0.0
171875,0,0.0
122769,0,0.0
59093,0,0.0
163026,0,0.0
46516,0,0.0
119953,0,0.0
109098,0,0.0
198686,0,0.0
98731,0,0.0
130989,0,0.0
61231,0,0.0
137802,0,0.0
107519,0,0.0
191268,0,0.0
140177,0,0.0
177453,0,0.0
28868,0,0.0
152828,0,0.0
44761,0,0.0
116752,0,0.0
51303,0,0.0
157291,0,0.0
53278,0,0.0
124286,0,0.0
179200,0,0.0
93936,0,0.0
207906,0,0.0
110055,0,0.0
14932,0,0.0
128486,0,0.0
80317,0,0.0
77094,0,0.0
30556,0,0.0
36770,0,0.0
100686,0,0.0
132536,0,0.0
213773,0,0.0
108979,0,0.0
200018,0,0.005
157574,0,0.0
54640,0,0.005
91286,0,0.0
203808,0,0.0
183508,0,0.0
156812,0,0.0
201058,0,0.0
23934,0,0.0
31291,0,0.0
92505,0,0.0
176850,0,0.0
75199,0,0.0
12954,0,0.0
101179,0,0.0
129924,0,0.0
217294,0,0.0
149610,0,0.0
109063,0,0.0
161606,0,0.0
190626,0,0.0
209200,0,0.0
39823,0,0.0
36009,0,0.0
206054,0,0.0
6684,0,0.0
159107,0,0.0
36784,0,0.0
6289,0,0.0
36993,0,0.005
76507,0,0.0
178036,0,0.0
69045,0,0.0
83195,0,0.0
168637,0,0.0
162530,0,0.0
121717,0,0.0
42619,0,0.0
53086,0,0.0
85583,0,0.0
66088,0,0.0
22361,0,0.0
194069,0,0.0
129429,0,0.0
89171,0,0.0
126721,0,0.0
91163,0,0.0
13649,0,0.0
81266,0,0.0
44210,0,0.0
172320,0,0.01
64604,0,0.0
147774,0,0.0
226015,0,0.0
131006,0,0.005
217348,0,0.0
107722,0,0.0
216696,0,0.0
180070,0,0.0
75220,0,0.0
33643,0,0.0
10049,0,0.0
171053,0,0.0
20524,0,0.0
173422,0,0.0
57635,0,0.0
171315,0,0.0
9459,0,0.0
211973,0,0.0
105538,0,0.0
48400,0,0.0
71174,0,0.03
52197,0,0.015
153800,0,0.0
39124,0,0.0
158640,0,0.0
55575,0,0.0
164018,0,0.0
25717,0,0.0
129421,0,0.0
85667,0,0.0
154388,0,0.0
184037,0,0.0
7162,0,0.0
11267,0,0.0
117,0,0.0
73209,0,0.0
223584,0,0.005
25083,0,0.0
152139,0,0.0
205497,0,0.0
218613,0,0.0
156364,0,0.0
219284,0,0.0
163610,0,0.0
102673,0,0.0
115414,0,0.0
39285,0,0.0
86595,0,0.0
74124,0,0.0
113361,0,0.0
185746,0,0.0
165877,0,0.0
118196,0,0.0
82992,0,0.0
112018,0,0.0
156971,0,0.0
95480,0,0.0
114593,0,0.0
163382,0,0.0
128141,0,0.0
171229,0,0.0
215193,0,0.0
138415,0,0.0
16306,0,0.0
10312,0,0.0
107833,0,0.0
186796,0,0.0
11280,0,0.0
187140,0,0.0
86948,0,0.0
67427,0,0.0
38696,0,0.0
199067,0,0.0
166552,0,0.0
61917,0,0.0
36046,0,0.0
167540,0,0.0
225746,0,0.0
59511,0,0.0
65909,0,0.0
45214,0,0.0
112814,0,0.0
61820,0,0.0
75982,0,0.0
63330,0,0.0
59109,0,0.0
37155,0,0.0
98960,0,0.0
3901,0,0.0
193829,0,0.005
195576,0,0.0
174046,0,0.0
108346,0,0.0
143370,0,0.0
20810,0,0.0
163552,0,0.0
226738,0,0.0
223276,0,0.0
48136,0,0.0
2616,0,0.0
211500,0,0.0
31047,0,0.0
163178,0,0.0
204618,0,0.005
41404,0,0.0
186989,0,0.0
163080,0,0.0
204094,0,0.0
125809,0,0.0
11686,0,0.0
182270,0,0.0
24991,0,0.005
191336,0,0.0
173475,0,0.0
143152,0,0.0
100997,0,0.0
84421,0,0.0
104850,0,0.0
107335,0,0.0
145346,0,0.0
59881,0,0.0
51153,0,0.0
169878,0,0.0
76049,0,0.0
203107,0,0.0
189497,0,0.0
95562,0,0.0
189286,0,0.005
194914,0,0.005
70040,0,0.0
69219,0,0.0
146326,0,0.0
20776,0,0.0
185027,0,0.0
166726,0,0.0
109964,0,0.0
72295,0,0.01
164195,0,0.0
60764,0,0.0
223439,0,0.0
120628,0,0.0
24549,0,0.0
5131,0,0.0
138755,0,0.0
148707,0,0.0
117386,0,0.0
10649,0,0.0
34438,0,0.0
138597,0,0.0
222973,0,0.0
68572,0,0.0
126058,0,0.0
106665,0,0.0
135819,0,0.01
200955,0,0.0
150054,0,0.0
202817,0,0.0
40917,0,0.0
160522,0,0.0
203636,0,0.0
181701,0,0.0
40897,0,0.0
72962,0,0.0
46230,0,0.0
143050,0,0.0
30784,0,0.0
173468,0,0.0
193353,0,0.0
19356,0,0.005
31122,0,0.0
64300,0,0.0
197305,0,0.0
215126,0,0.0
116431,0,0.0
123125,0,0.0
75873,0,0.0
136277,0,0.0
30570,0,0.0
155652,0,0.0
138503,0,0.0
121088,0,0.0
191057,0,0.0
208640,0,0.0
58995,0,0.0
41200,0,0.0
160951,0,0.0
151424,0,0.0
168853,0,0.0
87103,0,0.0
191035,0,0.0
80751,0,0.0
139346,0,0.0
35103,0,0.0
20175,0,0.0
129804,0,0.0
225716,0,0.0
122236,0,0.0
8480,0,0.0
218470,0,0.0
212471,0,0.0
49133,0,0.0
48193,0,0.0
187496,0,0.0
21648,0,0.0
72979,0,0.01
44878,0,0.0
55640,0,0.0
17322,0,0.0
126714,0,0.0
79099,0,0.0
165141,0,0.0
177414,0,0.0
71870,0,0.0
24356,0,0.0
120453,0,0.0
217983,0,0.0
96668,0,0.0
102641,0,0.0
10094,0,0.0
83497,0,0.0
142488,0,0.0
150456,0,0.005
124068,0,0.0
72645,0,0.0
103003,0,0.0
196962,0,0.005
137619,0,0.0
148213,0,0.0
171677,0,0.0
220745,0,0.0
107500,0,0.0
139864,0,0.0
148700,0,0.01
54600,0,0.0
187695,0,0.0
6172,0,0.0
16042,0,0.0
185410,0,0.01
31053,0,0.0
93451,0,0.0
28793,0,0.0
214591,0,0.0
67161,0,0.0
202683,0,0.0
121234,0,0.0
117424,0,0.0
171417,0,0.0
46447,0,0.0
152702,0,0.0
118361,0,0.0
170303,0,0.0
158047,0,0.0
139986,0,0.0
79498,0,0.0
136842,0,0.0
483,0,0.0
149863,0,0.0
107709,0,0.0
68263,0,0.0
75985,0,0.0
33332,0,0.0
53339,0,0.0
59369,0,0.0
216128,0,0.0
51920,0,0.0
17649,0,0.0
169394,0,0.0
213701,0,0.0
105394,0,0.0
215579,0,0.0
158135,0,0.0
127865,0,0.0
13479,0,0.0
53314,0,0.0
37416,0,0.0
21580,0,0.0
75284,0,0.0
22281,0,0.0
50911,0,0.0
120802,0,0.0
219261,0,0.0
176391,1,1.0
94462,0,0.0
131834,0,0.0
20440,0,0.0
83644,0,0.0
210717,0,0.0
104684,0,0.0
127472,0,0.0
134772,0,0.0
170121,0,0.0
137380,0,0.0
141915,0,0.0
198083,0,0.0
63171,0,0.0
37001,0,0.0
132658,0,0.0
209080,0,0.0
7677,0,0.0
156606,0,0.0
87481,0,0.0
28573,0,0.0
207211,0,0.0
183055,0,0.0
169916,0,0.0
168994,0,0.0
223059,0,0.0
167772,0,0.0
114958,0,0.02
112202,0,0.0
104650,0,0.015
58231,0,0.0
161448,0,0.0
151438,0,0.0
62914,0,0.0
166627,0,0.0
214846,0,0.0
163440,0,0.0
61389,0,0.0
157880,0,0.0
152300,0,0.005
107076,0,0.0
213443,0,0.0
113699,0,0.0
37776,0,0.0
104772,0,0.0
153096,0,0.0
17749,0,0.0
222988,0,0.0
87471,0,0.0
223387,0,0.0
127338,0,0.0
52472,0,0.0
159868,0,0.0
35684,0,0.0
89756,0,0.0
198536,0,0.0
159999,0,0.005
198322,0,0.005
119122,0,0.0
58080,0,0.005
136245,0,0.0
126501,0,0.0
185476,0,0.0
48713,0,0.0
122898,0,0.005
112639,0,0.0
222844,0,0.0
172850,0,0.0
138062,0,0.0
27937,0,0.0
64158,0,0.0
145317,0,0.0
76300,0,0.0
62819,0,0.0
29120,0,0.0
98025,0,0.0
187989,0,0.0
90087,0,0.0
225165,0,0.0
197429,0,0.0
130069,0,0.01
7443,0,0.015
167507,0,0.0
188651,0,0.005
75037,0,0.0
181774,0,0.0
196420,0,0.005
125321,0,0.0
173376,0,0.0
64148,0,0.0
40351,0,0.0
117227,0,0.0
61555,0,0.0
17642,0,0.0
102314,0,0.0
97521,0,0.0
216441,0,0.0
92411,0,0.0
94049,0,0.0
205653,0,0.0
124519,0,0.0
175529,0,0.0
82894,0,0.01
125547,0,0.0
189416,0,0.0
20390,0,0.0
25286,0,0.0
30942,0,0.0
10824,0,0.0
110089,0,0.0
133889,0,0.0
167971,0,0.0
177302,0,0.0
219651,0,0.005
203160,0,0.0
18104,0,0.0
161688,0,0.0
143799,0,0.0
129990,0,0.0
152940,0,0.0
140619,0,0.0
169423,0,0.0
78333,0,0.0
141584,0,0.0
36312,0,0.005
27845,0,0.0
100036,0,0.0
98586,0,0.0
90657,0,0.0
109737,0,0.0
83363,0,0.0
52457,0,0.0
188323,0,0.0
7950,0,0.0
85429,0,0.0
222698,0,0.0
39434,0,0.005
127026,0,0.0
196376,0,0.0
137835,0,0.0
137738,0,0.0
17850,0,0.0
123345,0,0.0
62452,0,0.0
128087,0,0.005
91243,0,0.0
90773,0,0.0
6848,0,0.0
101655,0,0.0
125304,0,0.0
78075,0,0.0
97818,0,0.0
217950,0,0.0
194174,0,0.0
169724,0,0.0
80142,0,0.0
68302,0,0.0
93350,0,0.0
13610,0,0.0
89650,0,0.0
20629,0,0.0
152689,0,0.0
114260,0,0.0
226852,0,0.0
221705,0,0.0
198216,0,0.0
103035,0,0.0
175551,0,0.0
118568,0,0.0
177994,0,0.0
162652,0,0.0
8215,0,0.0
135426,0,0.0
92852,0,0.0
182138,0,0.0
109457,0,0.0
101929,0,0.0
94329,0,0.0
199590,0,0.0
196558,0,0.0
35087,0,0.0
222254,0,0.0
169841,0,0.005
66034,0,0.0
202065,0,0.0
73223,0,0.0
13286,0,0.0
150813,0,0.0
34224,0,0.0
148506,0,0.0
98547,0,0.0
203864,0,0.0
222581,0,0.0
190843,0,0.0
104269,0,0.0
218327,0,0.0
224592,0,0.0
170252,0,0.0
158780,0,0.0
183103,0,0.0
52738,0,0.005
39658,0,0.0
78453,0,0.0
176448,0,0.0
78681,0,0.0
42735,0,0.0
167126,0,0.0
79038,0,0.0
189301,0,0.0
168777,0,0.0
28999,0,0.0
147692,0,0.0
30142,0,0.0
31865,0,0.0
164829,0,0.0
1277,0,0.0
150208,0,0.0
13550,0,0.0
10066,0,0.005
165553,0,0.0
131100,0,0.0
162295,0,0.0
171785,0,0.0
13477,0,0.0
5858,0,0.0
2695,0,0.0
51708,0,0.0
158086,0,0.0
28108,0,0.0
50161,0,0.0
7910,0,0.0
185195,0,0.015
50477,0,0.0
167575,0,0.0
124573,0,0.0
210242,0,0.0
202092,0,0.0
130458,0,0.0
153744,0,0.0
137276,0,0.0
205282,0,0.0
62767,0,0.0
12053,0,0.0
41294,0,0.0
192981,0,0.0
157892,0,0.0
129638,0,0.0
61814,0,0.0
71669,0,0.0
71221,0,0.0
103757,0,0.0
191989,0,0.0
27345,0,0.0
200090,0,0.0
81133,0,0.0
159534,0,0.0
97468,0,0.0
219191,0,0.0
151518,0,0.0
183624,0,0.005
189922,0,0.0
168335,0,0.0
122630,0,0.0
200227,0,0.0
174516,0,0.0
94424,0,0.0
90079,0,0.0
150148,0,0.0
203059,0,0.0
17858,0,0.035
114500,0,0.0
75571,0,0.0
218169,0,0.0
176180,0,0.0
181987,0,0.0
203984,0,0.0
19951,0,0.0
176738,0,0.0
39311,0,0.0
225011,0,0.0
188952,0,0.0
79719,0,0.0
130164,0,0.0
23552,0,0.0
202601,0,0.0
128625,0,0.005
100160,0,0.0
67460,0,0.0
50024,0,0.0
60657,0,0.0
119622,0,0.0
200020,0,0.0
166282,0,0.0
168121,0,0.0
202039,0,0.0
226709,0,0.0
151380,0,0.0
108650,0,0.0
163919,0,0.0
197012,0,0.0
39910,0,0.0
195456,0,0.0
209054,0,0.0
4688,0,0.0
217543,0,0.0
177692,0,0.0
53838,0,0.0
65990,0,0.0
141676,0,0.0
109520,0,0.0
183244,0,0.0
199889,0,0.0
170967,0,0.0
195100,0,0.0
2815,0,0.0
86455,0,0.0
1201,0,0.0
170160,0,0.0
8383,0,0.0
175062,0,0.0
179215,0,0.0
58850,0,0.0
66882,0,0.005
154858,0,0.01
27750,0,0.0
140260,0,0.0
141739,0,0.0
8010,0,0.0
73478,0,0.0
218529,0,0.0
37519,0,0.0
46223,0,0.0
51603,0,0.0
89351,0,0.0
137626,0,0.0
125837,0,0.0
51311,0,0.0
37583,0,0.0
95127,0,0.0
3324,0,0.0
190977,0,0.0
150412,0,0.0
31538,0,0.0
198735,0,0.0
221128,0,0.0
28850,0,0.0
144215,0,0.0
80183,0,0.0
81936,0,0.0
190175,0,0.0
64644,0,0.0
80654,0,0.0
12357,0,0.0
195140,0,0.0
56628,0,0.0
161286,0,0.0
104393,0,0.0
10308,0,0.0
77031,0,0.0
140066,0,0.0
44403,0,0.0
131258,0,0.0
199186,0,0.0
140093,0,0.0
169615,0,0.0
28503,0,0.0
208495,0,0.0
57430,0,0.0
9575,0,0.005
18601,0,0.0
2801,0,0.005
111586,0,0.0
70522,0,0.0
60002,0,0.0
115916,0,0.0
62159,0,0.0
138816,0,0.0
1771,0,0.0
122282,0,0.0
54177,0,0.0
198252,0,0.0
71767,0,0.0
115805,0,0.0
149467,0,0.0
179372,0,0.0
130234,0,0.0
96567,0,0.0
212294,0,0.0
203361,0,0.0
215509,0,0.0
1086,0,0.0
147619,0,0.0
136582,0,0.0
197337,0,0.0
34109,0,0.0
155969,0,0.0
84676,0,0.0
26895,0,0.0
134376,0,0.0
154022,0,0.0
159310,0,0.0
188419,0,0.0
108749,0,0.0
121507,0,0.0
57486,0,0.0
206528,0,0.0
22895,0,0.0
157314,0,0.0
153982,0,0.0
122387,0,0.0
21571,0,0.0
23240,0,0.0
79978,0,0.0
222575,0,0.0
82198,0,0.0
31482,0,0.0
73059,0,0.0
42550,0,0.0
157627,0,0.0
129123,0,0.0
32758,0,0.0
107115,0,0.0
133570,0,0.0
122983,0,0.0
34126,0,0.0
51918,0,0.0
105810,0,0.0
59698,0,0.0
168623,0,0.0
209372,0,0.0
74677,0,0.0
100208,0,0.0
145297,0,0.0
226838,0,0.0
152881,0,0.0
167227,0,0.0
134225,0,0.0
76540,0,0.0
131893,0,0.0
140889,0,0.005
23373,0,0.0
128912,0,0.0
88076,0,0.0
185492,0,0.0
98283,0,0.0
115247,0,0.0
33100,0,0.0
127535,0,0.0
92576,0,0.0
65742,0,0.0
32958,0,0.0
100454,0,0.0
215590,0,0.0
175654,0,0.0
117813,0,0.0
185892,0,0.0
221532,0,0.0
159309,0,0.0
17329,0,0.0
105546,0,0.0
77968,0,0.0
38750,0,0.0
146782,0,0.0
71517,0,0.0
49267,0,0.0
14734,0,0.0
71010,0,0.0
15340,0,0.0
175270,0,0.0
69643,0,0.0
20858,0,0.0
106868,0,0.0
214481,0,0.0
217197,0,0.0
6705,0,0.0
164542,0,0.0
158028,0,0.0
104643,0,0.0
62101,0,0.0
81444,0,0.0
121956,0,0.0
136235,0,0.0
119811,0,0.0
173819,0,0.0
172448,0,0.0
166117,0,0.0
85850,0,0.0
15749,0,0.0
162078,0,0.0
156443,0,0.0
84236,0,0.0
77536,0,0.0
178392,0,0.0
122597,0,0.0
82438,0,0.0
34351,0,0.0
185667,0,0.0
6418,0,0.0
69644,0,0.0
61371,0,0.0
26332,0,0.0
40666,0,0.005
183512,0,0.0
84867,0,0.0
113434,0,0.005
108820,0,0.0
213865,0,0.01
175433,0,0.0
63399,0,0.0
128548,0,0.0
121342,0,0.0
53899,0,0.0
60121,0,0.0
89085,0,0.0
128480,0,0.0
149835,0,0.0
184987,0,0.0
146603,0,0.0
159733,0,0.0
23522,0,0.0
96450,0,0.0
97591,0,0.0
220517,0,0.0
49776,0,0.0
20857,0,0.0
70801,0,0.0
140843,0,0.0
127954,0,0.0
132408,0,0.005
225400,0,0.0
137481,0,0.0
225143,0,0.0
90913,0,0.0
43538,0,0.0
139721,0,0.0
16247,0,0.0
61704,0,0.0
65479,0,0.0
3312,0,0.0
4247,0,0.0
66818,0,0.0
69336,0,0.0
157950,0,0.0
32499,0,0.005
92233,0,0.0
128643,0,0.0
150386,0,0.0
189152,0,0.0
155265,0,0.0
54482,0,0.005
20347,0,0.0
210770,0,0.0
226018,0,0.0
6500,0,0.0
174486,0,0.0
201633,0,0.005
189093,0,0.0
103034,0,0.0
161765,0,0.0
199048,0,0.0
1519,0,0.0
74154,0,0.0
82343,0,0.0
30890,0,0.0
82305,0,0.0
195069,0,0.0
103956,0,0.0
174321,0,0.0
192185,0,0.0
111991,0,0.0
101712,0,0.0
10827,0,0.0
222268,0,0.0
97824,0,0.0
68194,0,0.0
182688,0,0.0
202188,0,0.01
62646,0,0.0
188884,0,0.0
155912,0,0.0
164477,0,0.0
170376,0,0.0
34565,0,0.0
71662,0,0.0
52981,0,0.0
15614,0,0.0
31316,0,0.0
37721,0,0.0
118334,1,1.0
69084,0,0.0
22122,0,0.0
122031,0,0.0
122969,0,0.0
144683,0,0.0
17699,0,0.0
27485,0,0.0
165903,0,0.0
113864,0,0.0
140311,0,0.0
46699,0,0.0
33201,0,0.0
178338,0,0.0
202336,0,0.0
186658,0,0.0
172987,0,0.0
162906,0,0.0
153395,0,0.0
84062,0,0.0
170613,0,0.0
114283,0,0.0
166947,0,0.005
181488,0,0.0
105724,0,0.0
28659,0,0.0
37746,0,0.0
132935,0,0.0
216039,0,0.0
156260,0,0.0
99571,0,0.0
215634,0,0.0
177110,0,0.0
197946,0,0.015
170507,0,0.0
122320,0,0.0
84942,0,0.0
164968,0,0.0
149221,0,0.0
130758,0,0.0
211212,0,0.0
161074,0,0.0
217683,0,0.0
76842,0,0.0
170202,0,0.0
185979,0,0.0
119182,0,0.0
78706,0,0.0
225323,0,0.0
186636,0,0.0
3151,0,0.0
58042,0,0.0
55686,0,0.0
150238,0,0.0
164370,0,0.0
202307,0,0.0
156747,0,0.0
97152,0,0.005
24140,0,0.0
153345,0,0.0
17849,0,0.005
216425,0,0.015
207088,0,0.0
224395,0,0.0
199877,0,0.0
1943,0,0.0
36525,0,0.0
53015,0,0.0
118878,0,0.0
3016,0,0.0
127863,0,0.0
42922,0,0.0
223930,0,0.0
89753,0,0.0
111523,0,0.0
150617,0,0.0
95246,0,0.0
69701,0,0.0
89358,0,0.0
203967,0,0.0
165362,0,0.0
210822,0,0.0
163731,0,0.0
155661,1,1.0
78677,0,0.0
79302,0,0.015
123209,0,0.0
105244,0,0.0
127143,0,0.02
27576,0,0.0
38318,0,0.005
77342,0,0.0
96723,0,0.0
8479,0,0.0
210593,0,0.005
161289,0,0.0
150119,0,0.0
217017,0,0.0
110917,0,0.0
89439,0,0.0
129850,0,0.0
172743,0,0.0
96903,0,0.0
151559,0,0.0
165994,0,0.0
2316,0,0.0
161114,0,0.0
57656,0,0.0
197955,0,0.0
94095,0,0.0
113842,0,0.0
195128,0,0.0
222001,0,0.0
69940,0,0.0
48005,0,0.0
82348,0,0.0
213302,0,0.0
212375,0,0.0
83506,0,0.0
158048,0,0.0
138196,0,0.005
56589,0,0.0
194343,0,0.0
93774,0,0.0
45799,0,0.0
56935,0,0.0
86714,0,0.0
19902,0,0.0
174803,1,1.0
137730,0,0.005
181255,0,0.005
113110,0,0.0
184483,0,0.005
10845,0,0.0
185697,0,0.0
151565,0,0.0
125749,0,0.0
86404,0,0.0
71418,0,0.0
131326,0,0.0
52660,0,0.0
202417,0,0.0
140646,0,0.0
203023,0,0.0
74050,0,0.0
170323,0,0.0
49885,0,0.0
84384,0,0.0
175099,0,0.0
39841,0,0.0
66478,0,0.0
62089,0,0.005
2181,0,0.0
60488,0,0.0
85878,0,0.0
172223,0,0.0
65989,0,0.0
45928,0,0.0
117094,0,0.0
122681,0,0.0
217248,0,0.0
200482,0,0.0
64034,0,0.0
5324,0,0.0
125999,0,0.0
101718,0,0.0
183433,0,0.0
85933,0,0.0
221009,0,0.0
60673,0,0.0
124800,0,0.0
69289,0,0.0
143340,0,0.0
222867,0,0.005
150121,0,0.0
48908,0,0.0
219907,0,0.0
182590,0,0.0
38248,0,0.0
68587,0,0.0
13716,0,0.0
214664,0,0.0
146887,0,0.0
56487,0,0.0
45358,0,0.0
50205,0,0.0
135827,0,0.0
61078,0,0.0
117756,0,0.0
106997,0,0.0
161794,0,0.0
60847,0,0.0
113945,0,0.0
35965,0,0.0
142084,0,0.0
199250,0,0.0
50042,0,0.0
7627,0,0.0
199132,0,0.0
20111,0,0.0
67781,0,0.0
117722,0,0.0
208152,0,0.0
199989,0,0.0
18793,0,0.0
51637,0,0.0
48413,0,0.0
43317,0,0.0
73782,0,0.0
176480,0,0.0
44270,0,0.0
44570,0,0.0
209992,0,0.0
212507,0,0.0
12303,0,0.0
220262,0,0.0
85807,0,0.0
138762,0,0.0
193485,0,0.0
72664,0,0.0
34286,0,0.0
142899,0,0.0
113001,0,0.0
53645,0,0.0
143740,0,0.0
153871,0,0.005
5432,0,0.0
88098,0,0.0
164118,0,0.0
175941,0,0.0
70133,0,0.0
215395,0,0.0
30683,0,0.0
102374,0,0.0
51732,0,0.0
124176,0,0.0
54363,0,0.0
149577,0,0.0
13262,0,0.0
188716,0,0.0
76138,0,0.0
18054,0,0.0
20198,0,0.0
115512,0,0.0
38472,0,0.0
60221,0,0.0
32973,0,0.0
207174,0,0.0
191217,0,0.0
179803,0,0.01
91051,0,0.0
10899,0,0.005
97337,0,0.0
111285,0,0.005
7442,0,0.0
23044,0,0.0
223738,0,0.0
138380,0,0.0
97968,0,0.0
191358,0,0.0
82975,0,0.0
40237,0,0.0
91743,0,0.0
134548,0,0.0
91100,0,0.0
219381,0,0.0
164467,0,0.0
151499,0,0.0
86138,0,0.0
134965,0,0.0
154864,0,0.0
83875,0,0.0
17406,0,0.02
72524,0,0.0
130464,0,0.0
213565,0,0.0
152221,0,0.0
203686,0,0.0
222501,0,0.0
38377,0,0.0
58903,0,0.0
121078,0,0.0
100255,0,0.005
54539,0,0.0
207550,0,0.0
25027,0,0.0
28508,0,0.0
64537,0,0.0
174322,0,0.0
130574,0,0.0
215112,0,0.0
137195,0,0.0
162158,0,0.0
177319,0,0.0
143592,0,0.0
174317,0,0.0
197574,0,0.0
128209,0,0.0
213312,0,0.0
208884,0,0.005
98590,0,0.0
160258,0,0.0
163873,0,0.005
75293,0,0.0
225580,0,0.0
61624,0,0.0
91093,0,0.0
148871,0,0.0
22684,0,0.0
73639,0,0.0
208115,0,0.0
2863,0,0.0
102749,0,0.0
73593,0,0.0
67115,0,0.01
217659,0,0.0
52927,0,0.0
52605,0,0.0
35460,0,0.0
187874,0,0.0
48348,0,0.0
85101,0,0.0
199077,0,0.0
9175,0,0.005
1361,0,0.0
57936,0,0.0
8277,0,0.0
177679,0,0.0
206751,0,0.0
14983,0,0.0
67984,0,0.0
212177,0,0.0
167148,0,0.005
119530,0,0.0
27539,0,0.0
304,0,0.0
98489,0,0.0
149922,0,0.0
72658,0,0.0
190305,0,0.0
34436,0,0.0
52244,0,0.0
221,0,0.0
49979,0,0.0
67729,0,0.0
206953,0,0.0
148698,0,0.0
13871,0,0.0
12325,0,0.0
110730,0,0.0
101904,0,0.0
119426,0,0.0
166307,0,0.0
95217,0,0.0
196495,0,0.0
45394,0,0.005
197193,0,0.0
11987,0,0.0
144373,0,0.0
123226,0,0.0
75107,0,0.0
27917,0,0.0
104466,0,0.0
183127,0,0.0
84915,0,0.0
159881,0,0.0
167266,0,0.0
64958,0,0.0
54774,0,0.0
53588,0,0.0
215419,0,0.0
93816,0,0.0
136423,0,0.0
211577,0,0.0
169522,0,0.0
128009,0,0.0
163650,0,0.0
22048,0,0.0
63364,0,0.0
59125,0,0.0
28374,0,0.0
163046,0,0.0
130959,0,0.0
130068,0,0.015
105713,0,0.0
123835,0,0.0
192753,0,0.0
29496,0,0.0
162153,0,0.0
82557,0,0.0
120410,0,0.0
89094,0,0.0
224108,0,0.0
138747,0,0.0
134146,0,0.0
109866,0,0.0
189570,0,0.0
158355,0,0.0
152837,0,0.0
218394,0,0.0
177424,0,0.0
208716,0,0.0
35383,0,0.0
68588,0,0.0
29189,0,0.0
89162,0,0.0
104432,0,0.0
194372,0,0.0
144432,0,0.0
64912,0,0.0
223993,0,0.0
66715,0,0.0
102927,0,0.0
207247,0,0.0
102068,0,0.0
61981,0,0.0
113480,0,0.0
13969,0,0.0
160319,0,0.0
59313,0,0.0
180714,0,0.0
62295,0,0.0
87536,0,0.0
193022,0,0.0
78176,0,0.0
50399,0,0.0
89967,0,0.0
75178,0,0.0
47330,0,0.0
91248,0,0.0
172684,0,0.0
207318,0,0.0
203641,0,0.0
16653,1,1.0
6379,0,0.01
180333,0,0.0
139962,0,0.0
151482,0,0.0
210360,0,0.0
180843,0,0.0
203385,0,0.0
174704,0,0.0
102993,0,0.0
225260,0,0.0
224876,0,0.0
112164,0,0.0
176962,0,0.0
162349,0,0.0
37981,0,0.0
110453,0,0.0
21587,0,0.0
21132,0,0.0
13844,0,0.0
191029,0,0.0
209227,0,0.0
155305,0,0.0
114104,0,0.0
81051,0,0.0
188208,0,0.0
136472,0,0.0
158995,0,0.0
181598,0,0.0
131923,0,0.0
76078,0,0.0
27085,0,0.0
27145,0,0.005
4560,0,0.0
168007,0,0.0
66142,0,0.0
79289,0,0.0
111214,0,0.0
11898,0,0.0
107673,0,0.0
198861,0,0.0
29167,0,0.0
68112,0,0.0
126736,0,0.0
102093,0,0.0
191010,0,0.0
217924,0,0.0
221701,0,0.005
93693,0,0.0
172919,0,0.0
69143,0,0.0
144058,0,0.0
189801,0,0.0
83846,0,0.0
126057,0,0.0
15159,0,0.0
59851,0,0.0
13542,0,0.0
49727,0,0.0
209002,0,0.0
62700,0,0.0
221150,0,0.0
59350,0,0.0
10171,0,0.0
110695,0,0.0
41810,0,0.0
200168,0,0.0
166070,0,0.0
149670,0,0.0
118044,0,0.0
219197,0,0.0
219079,0,0.0
82966,0,0.0
159727,0,0.0
160092,0,0.0
95107,0,0.0
203649,0,0.0
218178,0,0.0
54688,0,0.0
191190,0,0.0
149008,0,0.0
213331,0,0.0
59243,0,0.0
156087,0,0.0
87527,0,0.0
167702,0,0.0
162136,0,0.0
131814,0,0.0
52548,0,0.0
60529,0,0.0
101197,0,0.0
62567,0,0.0
129722,0,0.0
75556,0,0.0
198997,0,0.0
73771,0,0.0
207357,0,0.0
26713,0,0.0
33297,0,0.0
178942,0,0.0
86102,0,0.0
37435,0,0.0
23216,0,0.0
155630,0,0.0
47768,0,0.0
12079,0,0.0
152701,0,0.0
40207,0,0.0
203346,0,0.0
67379,0,0.0
1393,0,0.0
103377,0,0.0
26168,0,0.0
169101,0,0.005
125903,0,0.0
68102,0,0.0
80973,0,0.0
189206,0,0.0
85156,0,0.0
223179,0,0.0
4231,0,0.0
13030,0,0.0
57507,0,0.0
106969,0,0.0
47732,0,0.0
121277,0,0.0
103234,0,0.0
103451,0,0.0
216737,0,0.0
218247,0,0.0
98797,0,0.0
549,0,0.0
25749,0,0.0
152824,0,0.0
121794,0,0.0
74646,0,0.0
226045,0,0.0
182855,0,0.0
120488,0,0.0
79801,0,0.01
31424,0,0.0
29561,0,0.0
187066,0,0.0
19025,0,0.0
72063,0,0.0
131963,0,0.0
44920,0,0.0
16637,0,0.0
15580,0,0.0
55921,0,0.0
86334,0,0.0
219287,0,0.0
11425,0,0.0
107483,0,0.0
134492,0,0.0
169320,0,0.0
108206,0,0.0
67539,0,0.0
194089,0,0.0
132837,0,0.0
185799,0,0.0
176617,0,0.0
89018,0,0.0
47414,0,0.0
18234,0,0.0
152432,0,0.0
163115,0,0.0
151481,0,0.0
75711,0,0.0
74621,0,0.0
43924,0,0.0
198954,0,0.0
27733,0,0.0
4605,0,0.0
165336,0,0.0
41264,0,0.0
115984,0,0.0
31473,0,0.0
108602,0,0.0
169754,0,0.0
213249,0,0.0
40750,0,0.0
80405,0,0.0
44820,0,0.0
134100,0,0.0
69446,0,0.0
211093,0,0.0
132836,0,0.0
156522,0,0.005
103471,0,0.0
121093,0,0.0
73763,0,0.0
151069,0,0.0
10524,0,0.0
111793,0,0.0
197126,0,0.0
3382,0,0.0
118524,0,0.0
64730,0,0.0
198577,0,0.0
175572,0,0.0
194322,0,0.0
96910,0,0.0
226227,0,0.0
151095,0,0.0
57440,0,0.0
116204,0,0.0
85859,0,0.0
159356,0,0.0
27970,0,0.0
187115,0,0.0
148428,0,0.0
120459,0,0.0
205171,0,0.0
2411,0,0.0
45289,0,0.0
112455,0,0.0
37223,0,0.0
25678,0,0.0
49535,0,0.0
27530,0,0.0
1411,0,0.0
158217,0,0.0
51886,0,0.0
53016,0,0.0
126472,0,0.01
20244,0,0.0
211386,0,0.005
20218,0,0.0
225562,0,0.005
65784,0,0.0
9092,0,0.0
2264,0,0.0
203779,0,0.0
187829,0,0.0
81769,0,0.0
193706,0,0.0
203320,0,0.0
112226,0,0.0
140766,0,0.0
99807,0,0.0
54343,0,0.0
107825,0,0.0
85664,0,0.0
39781,0,0.0
195862,0,0.0
108667,0,0.0
80953,0,0.0
185773,0,0.0
200512,0,0.01
113975,0,0.0
180908,0,0.0
194309,0,0.0
177984,0,0.0
181412,0,0.0
130645,0,0.0
43287,0,0.0
22395,0,0.0
81961,0,0.0
67316,0,0.0
127429,0,0.0
35365,0,0.005
171533,0,0.0
189821,0,0.0
186699,0,0.0
54957,0,0.01
177357,0,0.0
60189,0,0.0
76617,0,0.0
148826,0,0.0
211724,0,0.0
177152,0,0.0
105005,0,0.0
130979,0,0.0
84852,0,0.01
30255,0,0.0
108392,0,0.0
178918,0,0.0
