rank,feature,mean_absolute_shap,mean_signed_shap
1,V12,0.07966789657416307,-0.07733153566696704
2,V14,0.06880203327445854,-0.06652776907555609
3,V4,0.05312334545645674,-0.046728635644762796
4,V3,0.04873533134822165,-0.04676305296828948
5,V11,0.04624171649283687,-0.04453023922223486
6,V10,0.04622421635579645,-0.044755400348697474
7,V17,0.03356925266354238,-0.03311995726584519
8,V16,0.017792454873087282,-0.017473219142195982
9,V7,0.011157168245537334,-0.010634955521176255
10,V1,0.01031546581202779,-0.01029996236261187
11,V18,0.008844467942814556,-0.008831370047769556
12,V2,0.008832248319144535,-0.008439915579784197
13,V9,0.00803319894606133,-0.008025023149537638
14,V8,0.006720474795412448,-0.005311422971924893
15,V5,0.0061722892215605564,-0.00615979579632663
16,V19,0.004996654343908149,-0.004433371311135343
17,V24,0.0048819246126442775,-0.0048819246126442775
18,V13,0.004874666983795462,-0.004697416426948676
19,Amount,0.004706720074781933,-0.004623586436692437
20,V21,0.0046338698884674815,-0.00441928089109252
21,V20,0.0046320369974506455,-0.0040871383440610354
22,V27,0.004628500083152367,-0.004565619701188875
23,V26,0.00459070025878239,-0.004510430144168378
24,V15,0.004351170949304401,-0.0043449715895480115
25,V6,0.004340538212006855,-0.004330091769273572
26,Time,0.004044986916568252,-0.004041088950818891
27,V22,0.0036688841481287626,-0.003570165765560493
28,V25,0.0035622941733604242,-0.0035544633006049766
29,V28,0.003359545802810247,-0.0033530921248854117
30,V23,0.002829924032167919,-0.002790925966585189
