error_type,test_row,rank,feature,feature_value,shap_value_fraud_class,direction
true_positive,8815,1,V14,-10.38488974,0.1438316833536075,toward fraud
true_positive,8815,2,V10,-4.592389806,0.1077783527749967,toward fraud
true_positive,8815,3,V12,-5.657857541,0.10446204885001197,toward fraud
true_positive,8815,4,V11,5.47939151,0.07661542586708904,toward fraud
true_positive,8815,5,V4,5.809369574,0.07367009069816344,toward fraud
true_positive,8815,6,V3,-5.810353445,0.054585190305258484,toward fraud
true_positive,8815,7,V17,0.409735841,-0.031073804517715624,toward legitimate
true_positive,8815,8,Time,29753.0,-0.014633087070007758,toward legitimate
true_positive,8815,9,V16,-0.701882909,-0.014156560055303241,toward legitimate
true_positive,8815,10,V13,-2.64807609,-0.01387554213163055,toward legitimate
true_negative,0,1,V12,0.465078771,-0.08536931305794594,toward legitimate
true_negative,0,2,V11,-1.252727939,-0.0752562333699312,toward legitimate
true_negative,0,3,V3,0.274145142,-0.06466429369348334,toward legitimate
true_negative,0,4,V14,-0.292841861,-0.060712595352338604,toward legitimate
true_negative,0,5,V10,-0.273053702,-0.03905164705844786,toward legitimate
true_negative,0,6,V17,0.034335657,-0.03223396670549246,toward legitimate
true_negative,0,7,V4,0.647465022,-0.026244970559644126,toward legitimate
true_negative,0,8,V16,-0.399835898,-0.014835105017045248,toward legitimate
true_negative,0,9,V18,-0.783550255,-0.009358817859668623,toward legitimate
true_negative,0,10,V2,-0.063407717,-0.009284081714838036,toward legitimate
false_positive,49255,1,V17,-4.3399893,0.14095688337099552,toward fraud
false_positive,49255,2,V12,-3.452936892,0.1265368839484561,toward fraud
false_positive,49255,3,V14,-3.099715755,0.10249717655057244,toward fraud
false_positive,49255,4,V10,-1.562108001,-0.07335736935148096,toward legitimate
false_positive,49255,5,V16,-2.371151419,0.03441999789266095,toward fraud
false_positive,49255,6,V11,1.298497438,-0.0334729567374105,toward legitimate
false_positive,49255,7,V4,1.01232673,-0.029753799446178533,toward legitimate
false_positive,49255,8,V8,0.783429375,-0.020118953498612938,toward legitimate
false_positive,49255,9,V15,1.410004518,-0.018012442729982293,toward legitimate
false_positive,49255,10,V3,-1.338451757,-0.017576989380202326,toward legitimate
false_negative,47606,1,V4,-1.313274814,-0.09221349287941547,toward legitimate
false_negative,47606,2,V12,-0.005423291,-0.0681398026675587,toward legitimate
false_negative,47606,3,V11,-0.651414014,-0.06619607624001198,toward legitimate
false_negative,47606,4,V14,0.21746976,-0.05653844765647028,toward legitimate
false_negative,47606,5,V3,-0.16843829,-0.042026970478594786,toward legitimate
false_negative,47606,6,V17,0.24334711,-0.02999176279890316,toward legitimate
false_negative,47606,7,V10,-1.769059721,-0.014823004892230672,toward legitimate
false_negative,47606,8,V7,3.071892046,-0.014368540894287928,toward legitimate
false_negative,47606,9,V18,-0.342300728,-0.009944532955597671,toward legitimate
false_negative,47606,10,V2,-0.045410278,-0.008361454921005068,toward legitimate
