feature,fraud_mean_absolute_shap,legitimate_mean_absolute_shap,fraud_mean_signed_shap,legitimate_mean_signed_shap
Time,0.004353896635935791,0.0038423211882125203,-0.002431091029142294,-0.0038423211882125203
Amount,0.005837310985871456,0.004625675402773927,0.000683424768861769,-0.004587192816887564
V1,0.00406967144828976,0.010318789634081152,-0.0009811264104705268,-0.010318789634081152
V2,0.010606280353503972,0.008731514169997314,0.00850447538402283,-0.0083079975284913
V3,0.03620265813590674,0.04920963916815812,0.028252604638884123,-0.04747845946454286
V4,0.05628577448559256,0.05309991916583232,0.05143882146404337,-0.047772059171496635
V5,0.008139468701463856,0.006111781001220087,-0.0017262310129399602,-0.006111781001220087
V6,0.004161918121044641,0.004340388079879453,0.0011381953594249848,-0.004338979260420582
V7,0.016047748486531364,0.011062900196642614,0.013887521862559014,-0.010719921826529285
V8,0.013347403727620475,0.006431683141243412,-0.001217794142928065,-0.0053473050345497885
V9,0.007228901450355383,0.008507295704975782,0.004640827100013244,-0.008507295704975782
V10,0.08003244543322403,0.046509709783654554,0.07309588748729381,-0.04558329230940298
V11,0.04904190385191829,0.04649378868712116,0.0401223296559953,-0.04534385350222943
V12,0.0911058686022505,0.0788302117874806,0.07776434387863142,-0.07626674232242843
V13,0.006356666985938379,0.0045760291275368705,-0.0016159379623661117,-0.004483595735861818
V14,0.11790997307209429,0.06851833949975494,0.1130526081478605,-0.06673904559560803
V15,0.004597174544218057,0.004326745047105991,-0.0013936777146222681,-0.004305709915076109
V16,0.02375520291779238,0.017414040937447167,0.02139445111404572,-0.017178647712603884
V17,0.07664360163461932,0.033535393669635004,0.07372578970148022,-0.03341529318441202
V18,0.006166050318108208,0.008748576714214957,0.0015624788365687027,-0.008748576714214957
V19,0.00916050555709593,0.004899129203173337,0.005062435384596568,-0.0045036276006453855
V20,0.007311297751099363,0.004562388100299721,0.0014218905116987958,-0.004188256723344487
V21,0.006199492791724559,0.004624974615025723,0.0030933938295567846,-0.004434975567246999
V22,0.005065835877614379,0.003630040870351086,-0.0013686103928249559,-0.0036134056227534886
V23,0.004663716762300199,0.0027779984656094076,-0.0015132127193897519,-0.002774791597542977
V24,0.004858425714297076,0.004962226401350079,-0.003579240523883277,-0.004962226401350079
V25,0.004586060452122983,0.003487298306453519,-0.0032352200843382556,-0.003487298306453519
V26,0.005272571848309076,0.004633671651540527,9.26659160114675e-05,-0.004575616889733928
V27,0.005468980194839381,0.0045671635177769124,-0.0003309334772679891,-0.004552767492931072
V28,0.0036508203517354935,0.0032565056439127576,0.00037810832979520893,-0.003248496273613547
