model,imbalance_strategy,fold,fit_time_seconds,score_time_seconds,accuracy,precision,recall,f1,roc_auc,pr_auc
Logistic Regression,original_distribution,1,1.6901257038116455,0.11907505989074707,0.9992069785884219,0.8979591836734694,0.5866666666666667,0.7096774193548387,0.9766398211278068,0.7481269947926366
Logistic Regression,original_distribution,2,1.6176435947418213,0.1381702423095703,0.9991408934707904,0.8461538461538461,0.5866666666666667,0.6929133858267716,0.9585072409405501,0.7434400834220113
Logistic Regression,original_distribution,3,1.6791019439697266,0.12909984588623047,0.9991629218433342,0.8958333333333334,0.5657894736842105,0.6935483870967742,0.9580988409903841,0.7076231023211297
Logistic Regression,original_distribution,4,1.7387173175811768,0.12593579292297363,0.9992069785884219,0.8448275862068966,0.6447368421052632,0.7313432835820896,0.9864368002973011,0.7599383550660578
Logistic Regression,original_distribution,5,1.6859781742095947,0.12241673469543457,0.9992510353335096,0.8387096774193549,0.6842105263157895,0.7536231884057971,0.9961051818646351,0.8083006334627124
Decision Tree,original_distribution,1,10.05832290649414,0.08103418350219727,0.9991629218433342,0.7846153846153846,0.68,0.7285714285714285,0.839845546214779,0.5340671424795136
Decision Tree,original_distribution,2,12.5750412940979,0.05441474914550781,0.9991629218433342,0.7466666666666667,0.7466666666666667,0.7466666666666667,0.8731237174819619,0.5579296501894441
Decision Tree,original_distribution,3,11.927703380584717,0.04996681213378906,0.9991408934707904,0.7466666666666667,0.7368421052631579,0.7417218543046358,0.8682114321549682,0.5506160060473679
Decision Tree,original_distribution,4,13.503421068191528,0.0497128963470459,0.9991629218433342,0.7261904761904762,0.8026315789473685,0.7625,0.9010620383704186,0.5831938341094608
Decision Tree,original_distribution,5,9.635348320007324,0.06700944900512695,0.9992730637060534,0.7590361445783133,0.8289473684210527,0.7924528301886793,0.9142530310772519,0.6294873834277243
Random Forest,original_distribution,1,127.61773943901062,0.5667805671691895,0.9995153758040356,0.9649122807017544,0.7333333333333333,0.8333333333333334,0.9381494965542095,0.82094109599119
Random Forest,original_distribution,2,133.72664833068848,0.4640216827392578,0.9996255176667548,0.967741935483871,0.8,0.8759124087591241,0.9317393702698528,0.85262914788219
Random Forest,original_distribution,3,130.1587164402008,0.5776982307434082,0.9992950920785972,0.9230769230769231,0.631578947368421,0.75,0.9123424943094719,0.778770723080804
Random Forest,original_distribution,4,133.6180443763733,0.5216186046600342,0.9996475460392986,0.9285714285714286,0.8552631578947368,0.8904109589041096,0.9658183618246852,0.8663271615422247
Random Forest,original_distribution,5,136.96070289611816,0.45968174934387207,0.9996475460392986,0.9411764705882353,0.8421052631578947,0.8888888888888888,0.9525308333720445,0.8484648895041335
