,count,mean,std,min,25%,50%,75%,max
Time,284807.0,94813.85957508067,47488.14595456617,0.0,54201.5,84692.0,139320.5,172792.0
V1,284807.0,1.7590881314006614e-12,1.9586958038519582,-56.40750963,-0.920373384,0.018108799,1.315641694,2.454929991
V2,284807.0,-8.251210232366092e-13,1.6513085794832494,-72.71572756,-0.598549913,0.065485556,0.8037238714999999,22.05772899
V3,284807.0,-9.655224136711822e-13,1.5162550051772055,-48.32558936,-0.890364838,0.179846344,1.0271955425,9.382558433
V4,284807.0,8.321416515984394e-13,1.4158685749420332,-5.683171198,-0.848640116,-0.019846529,0.7433412895,16.87534403
V5,284807.0,1.65033465426148e-13,1.3802467340261952,-113.7433067,-0.691597071,-0.054335827,0.6119264394999999,34.80166588
V6,284807.0,4.2484621208000635e-13,1.3322710897581853,-26.16050594,-0.7682956085,-0.274187077,0.3985648965,73.30162555
V7,284807.0,-3.0546519289480673e-13,1.2370935981664337,-43.55724157,-0.554075879,0.040103083,0.570436073,120.5894939
V8,284807.0,8.777940978393877e-14,1.1943529026722475,-73.21671846,-0.208629744,0.022358036,0.327345862,20.00720837
V9,284807.0,-1.1797338080362366e-12,1.0986320892235717,-13.43406632,-0.64309757,-0.051428732,0.5971390305,15.59499461
V10,284807.0,7.092527132613314e-13,1.0888497654066325,-24.58826244,-0.5354257265,-0.092917384,0.45392344500000004,23.74513612
V11,284807.0,1.8749564413759392e-12,1.0207130277116543,-4.797473465,-0.7624941955,-0.032757354,0.739593407,12.01891318
V12,284807.0,1.0533273704311931e-12,0.9992013895273297,-18.68371463,-0.4055714855,0.140032588,0.6182380325,7.848392076
V13,284807.0,7.127702125292669e-13,0.9952742301246716,-5.791881206,-0.6485392990000001,-0.013568057,0.6625049595,7.126882959
V14,284807.0,-1.4747790280656113e-13,0.958595611258688,-19.21432549,-0.425574012,0.050601319,0.49314984949999996,10.52676605
V15,284807.0,-5.231637494937107e-13,0.9153160116102037,-4.498944677,-0.582884279,0.04807155,0.648820806,8.877741598
V16,284807.0,-2.282247090836359e-13,0.8762528873875527,-14.12985452,-0.46803676699999996,0.066413321,0.5232963125000001,17.31511152
V17,284807.0,-6.425383819348924e-13,0.8493370636754596,-25.16279937,-0.483748314,-0.065675754,0.3996749825,9.25352625
V18,284807.0,4.950748493023718e-13,0.8381762095289869,-9.498745921,-0.498849799,-0.003636312,0.5008067469999999,5.041069185
V19,284807.0,7.05741600737414e-13,0.8140405007679457,-7.21352743,-0.45629891899999997,0.003734823,0.4589493555,5.591971427
V20,284807.0,1.7661071630764871e-12,0.7709250248845803,-54.49772049,-0.2117213645,-0.062481092,0.133040841,39.42090425
V21,284807.0,-3.405795115059895e-13,0.7345240143739619,-34.83038214,-0.22839494700000001,-0.029450168,0.1863772035,27.20283916
V22,284807.0,-5.72316131456545e-13,0.7257015604417666,-10.9331437,-0.5423503725000001,0.006781943,0.528553635,10.50309009
V23,284807.0,-9.725925392991522e-13,0.6244602955966106,-44.8077352,-0.161846345,-0.01119293,0.147642064,22.52841169
V24,284807.0,1.4641498893335887e-12,0.6056470678277421,-2.836626919,-0.3545861365,0.040976056,0.4395266,4.584549137
V25,284807.0,-6.987097955735522e-13,0.5212780705402162,-10.29539707,-0.31714505400000004,0.016593502,0.350715563,7.519588679
V26,284807.0,-5.617859872568019e-13,0.4822270132603228,-2.604550553,-0.32698392600000004,-0.052139108,0.24095217349999998,3.517345612
V27,284807.0,3.332080912289684e-12,0.4036324949661105,-22.56567932,-0.070839529,0.001342146,0.09104512000000001,31.61219811
V28,284807.0,-3.5188740145852935e-12,0.33008326415627365,-15.43008391,-0.052959793000000005,0.011243832,0.078279955,33.84780782
Amount,284807.0,88.34961925093134,250.12010924018855,0.0,5.6,22.0,77.16499999999999,25691.16
Class,284807.0,0.001727485630620034,0.04152718963546506,0.0,0.0,0.0,0.0,1.0
