candidate_id,model,imbalance_strategy,amount_transform,cv_folds,accuracy_mean,accuracy_std,precision_mean,precision_std,recall_mean,recall_std,f1_mean,f1_std,roc_auc_mean,roc_auc_std,pr_auc_mean,pr_auc_std,fit_time_seconds_mean
rf_balanced_200,Random Forest,class_weight_balanced,original,5,0.9995418098510882,8.588240677424381e-05,0.921306535431625,0.02420151637601836,0.7936140350877192,0.05803314131528883,0.8514739229024944,0.03244374204051587,0.9631934522564869,0.01096836906422307,0.8367536840715518,0.03207921646499407,106.39247937202454
rf_none_200,Random Forest,original_distribution,original,5,0.9995506212001057,0.00015623070954707093,0.9427645853404323,0.021696518342168073,0.777719298245614,0.09843262276802496,0.8494819536375037,0.061422257820221926,0.9483601859884848,0.023644350822011953,0.836373797848427,0.03678171125958697,271.9450126171112
rf_balanced_200_leaf2,Random Forest,class_weight_balanced,original,5,0.9995285928275619,0.00012519404562853794,0.8962521133562404,0.0411651654234419,0.8121754385964912,0.06142626144873109,0.8510433256983264,0.042064901103952695,0.9596211228254768,0.011013069200091905,0.8359433859080531,0.035149715081684914,102.76769347190857
rf_balanced_100,Random Forest,class_weight_balanced,original,5,0.9995418098510882,9.135801107290356e-05,0.9240697362138937,0.027271243732857137,0.7909473684210526,0.06022868597045183,0.8510030671776926,0.03425779723020519,0.9552357636659006,0.009287991318757509,0.8353114166327658,0.03416791011450501,52.69168338775635
rf_balanced_subsample_200,Random Forest,class_weight_balanced_subsample,original,5,0.9995153758040356,0.0001274984239006761,0.9456801703914819,0.029665992180817037,0.7539298245614036,0.08632359827750032,0.8361297998823354,0.05146127836451336,0.951717985793778,0.023050784193224788,0.8350715029053429,0.036890869679893995,152.59557094573975
rf_none_100,Random Forest,original_distribution,original,5,0.999546215525597,0.00015069725417646496,0.9450958076844426,0.02048650345262378,0.7724561403508772,0.09198321069387451,0.8477091179770913,0.05930510366280724,0.9401161112660528,0.020372421129684376,0.8334266036001085,0.0347148658298282,132.41637029647828
rf_smote_100,Random Forest,smote,original,5,0.9995241871530531,0.00010285150700439431,0.879891805725139,0.04487934120943509,0.8306666666666667,0.06213169721907545,0.8528054538371277,0.034380098307533635,0.968642080552276,0.01591270384228931,0.8270152169649642,0.03481363871933331,271.02473998069763
lr_log1p_balanced_c1,Logistic Regression,class_weight_balanced,log1p,5,0.9753414397744293,0.0031709610821242405,0.05906177693058183,0.0070663407566798645,0.9126315789473682,0.03455383299399345,0.11084818631276236,0.012323506798952581,0.9810050834506778,0.009621723823203246,0.7560661020672935,0.030053441364785213,1.4558757305145265
lr_original_balanced_c1,Logistic Regression,class_weight_balanced,original,5,0.9757555731782535,0.003109615140493116,0.06038827499579037,0.007945021256020285,0.9178947368421053,0.02739989193733988,0.11322322286892675,0.013901767789161506,0.9814314492282191,0.00899530416495205,0.7541988176107186,0.03014054842639527,2.2536553382873534
lr_smote_log1p_c1,Logistic Regression,smote,log1p,5,0.9735967926689575,0.002849444706919681,0.054898115160991925,0.005965857385729174,0.907298245614035,0.03875934542138983,0.10347248932501492,0.01059194422328089,0.9805257271258119,0.009663987568232446,0.7540549457302118,0.029570854971975757,2.9472868919372557
lr_log1p_none_c10,Logistic Regression,original_distribution,log1p,5,0.9991937615648956,5.071312200731913e-05,0.868278289095285,0.03358906027956576,0.6109824561403508,0.0588624074444545,0.7149281369482742,0.03187003797435161,0.9792032318128314,0.013242119440298931,0.753799402240287,0.03585590139028131,0.7406430244445801
lr_original_none_c1,Logistic Regression,original_distribution,original,5,0.9991937615648956,4.2941203387138987e-05,0.8646967253573801,0.029537379749010932,0.6136140350877193,0.049223987276134334,0.7162211328532543,0.026113779217871516,0.9751575770441354,0.016855668486803466,0.7534858338129096,0.0363294704324839,1.6823133468627929
lr_log1p_none_c1,Logistic Regression,original_distribution,log1p,5,0.9991937615648956,5.071312200731913e-05,0.868278289095285,0.03358906027956576,0.6109824561403508,0.0588624074444545,0.7149281369482742,0.03187003797435161,0.9793279618880003,0.013216036443662413,0.7533691251651815,0.03539356918481841,1.2327672481536864
lr_log1p_none_c01,Logistic Regression,original_distribution,log1p,5,0.9991761388668605,6.534671325311161e-05,0.8686263575739609,0.030575202355089932,0.597719298245614,0.06482141577725058,0.7056396621087229,0.03829715734729222,0.9807638066945403,0.012855509627231256,0.7526055310380929,0.034222588947319416,1.407785129547119
lr_smote_original_c1,Logistic Regression,smote,original,5,0.9740329544453254,0.0026069161959765145,0.055572253119091884,0.005691632792586872,0.9046666666666667,0.03444892195800825,0.10466046984478417,0.010106055019633168,0.981326431195544,0.008465965484998516,0.7524209792318645,0.030412359224136,4.384794759750366
dt_original_default,Decision Tree,original_distribution,original,5,0.9991805445413693,5.259201861976068e-05,0.7526350677435015,0.021414215471886187,0.7590175438596491,0.058481687094799055,0.7543825559462821,0.024501435104150305,0.879299153059876,0.02921068904537777,0.5710588032507021,0.03714775746818039,11.539967393875122
dt_balanced_default,Decision Tree,class_weight_balanced,original,5,0.9991408934707904,0.0002497088741024279,0.7624289383191966,0.0805576099060081,0.7037894736842105,0.09750587737097523,0.7305653469743876,0.08449310918546643,0.8517115960560293,0.04878241405804483,0.5416781817712799,0.1234261652594099,5.214108800888061
