model,imbalance_strategy,fold,fit_time_seconds,score_time_seconds,accuracy,precision,recall,f1,roc_auc,pr_auc,candidate_id,amount_transform
Logistic Regression,original_distribution,1,1.6901257038116455,0.119075059890747,0.999206978588422,0.8979591836734694,0.5866666666666667,0.7096774193548387,0.9766398211278068,0.7481269947926366,lr_original_none_c1,original
Logistic Regression,original_distribution,2,1.6176435947418213,0.1381702423095703,0.9991408934707904,0.8461538461538461,0.5866666666666667,0.6929133858267716,0.95850724094055,0.7434400834220113,lr_original_none_c1,original
Logistic Regression,original_distribution,3,1.6791019439697266,0.1290998458862304,0.9991629218433342,0.8958333333333334,0.5657894736842105,0.6935483870967742,0.958098840990384,0.7076231023211297,lr_original_none_c1,original
Logistic Regression,original_distribution,4,1.7387173175811768,0.1259357929229736,0.999206978588422,0.8448275862068966,0.6447368421052632,0.7313432835820896,0.9864368002973012,0.7599383550660578,lr_original_none_c1,original
Logistic Regression,original_distribution,5,1.6859781742095947,0.1224167346954345,0.9992510353335096,0.8387096774193549,0.6842105263157895,0.7536231884057971,0.9961051818646351,0.8083006334627124,lr_original_none_c1,original
Decision Tree,original_distribution,1,10.05832290649414,0.0810341835021972,0.9991629218433342,0.7846153846153846,0.68,0.7285714285714285,0.839845546214779,0.5340671424795136,dt_original_default,original
Decision Tree,original_distribution,2,12.5750412940979,0.0544147491455078,0.9991629218433342,0.7466666666666667,0.7466666666666667,0.7466666666666667,0.8731237174819619,0.5579296501894441,dt_original_default,original
Decision Tree,original_distribution,3,11.927703380584717,0.049966812133789,0.9991408934707904,0.7466666666666667,0.7368421052631579,0.7417218543046358,0.8682114321549682,0.5506160060473679,dt_original_default,original
Decision Tree,original_distribution,4,13.503421068191528,0.0497128963470459,0.9991629218433342,0.7261904761904762,0.8026315789473685,0.7625,0.9010620383704186,0.5831938341094608,dt_original_default,original
Decision Tree,original_distribution,5,9.635348320007324,0.0670094490051269,0.9992730637060534,0.7590361445783133,0.8289473684210527,0.7924528301886793,0.914253031077252,0.6294873834277243,dt_original_default,original
Random Forest,original_distribution,1,127.61773943901062,0.5667805671691895,0.9995153758040356,0.9649122807017544,0.7333333333333333,0.8333333333333334,0.9381494965542096,0.82094109599119,rf_none_100,original
Random Forest,original_distribution,2,133.72664833068848,0.4640216827392578,0.9996255176667548,0.967741935483871,0.8,0.8759124087591241,0.9317393702698528,0.85262914788219,rf_none_100,original
Random Forest,original_distribution,3,130.1587164402008,0.5776982307434082,0.9992950920785972,0.9230769230769232,0.631578947368421,0.75,0.912342494309472,0.778770723080804,rf_none_100,original
Random Forest,original_distribution,4,133.6180443763733,0.5216186046600342,0.9996475460392986,0.9285714285714286,0.8552631578947368,0.8904109589041096,0.9658183618246852,0.8663271615422247,rf_none_100,original
Random Forest,original_distribution,5,136.96070289611816,0.459681749343872,0.9996475460392986,0.9411764705882352,0.8421052631578947,0.8888888888888888,0.9525308333720444,0.8484648895041335,rf_none_100,original
Logistic Regression,class_weight_balanced,1,1.9490861892700195,0.1650977134704589,0.9749757687902018,0.0560669456066945,0.8933333333333333,0.105511811023622,0.9708788420379072,0.7717274166856781,lr_original_balanced_c1,original
Logistic Regression,class_weight_balanced,2,2.4097049236297607,0.0928757190704345,0.9720239668693276,0.0510894064613072,0.9066666666666666,0.096728307254623,0.977112008414054,0.7471035563775228,lr_original_balanced_c1,original
Logistic Regression,class_weight_balanced,3,2.4718589782714844,0.0905821323394775,0.9806370605339676,0.0724174653887114,0.8947368421052632,0.1339901477832512,0.9811315441074,0.7100264896704879,lr_original_balanced_c1,original
Logistic Regression,class_weight_balanced,4,2.253389358520508,0.1271376609802246,0.975218080888184,0.0603520536462699,0.9473684210526316,0.1134751773049645,0.9827539253031076,0.7516278672151321,lr_original_balanced_c1,original
Logistic Regression,class_weight_balanced,5,2.184237241744995,0.1343588829040527,0.9759229888095868,0.0620155038759689,0.9473684210526316,0.116410670978173,0.9952809262786269,0.790508758104772,lr_original_balanced_c1,original
Decision Tree,class_weight_balanced,1,5.672998905181885,0.0527417659759521,0.9989646664904396,0.7058823529411765,0.64,0.6713286713286714,0.8197793517353987,0.4523594719410365,dt_balanced_default,original
Decision Tree,class_weight_balanced,2,4.596987962722778,0.0505657196044921,0.9995153758040356,0.8955223880597015,0.8,0.8450704225352113,0.8999227731073896,0.7167483360359188,dt_balanced_default,original
Decision Tree,class_weight_balanced,3,5.582097053527832,0.0472028255462646,0.9988765530002645,0.7049180327868853,0.5657894736842105,0.6277372262773723,0.7826961490221582,0.3995621390549475,dt_balanced_default,original
Decision Tree,class_weight_balanced,4,5.710179328918457,0.0502629280090332,0.9992290069609656,0.7808219178082192,0.75,0.7651006711409396,0.8748234774933804,0.5860349774344973,dt_balanced_default,original
Decision Tree,class_weight_balanced,5,4.508280754089356,0.05458664894104,0.9991188650982464,0.725,0.7631578947368421,0.7435897435897436,0.8813362289218191,0.5536859843899996,dt_balanced_default,original
Random Forest,class_weight_balanced,1,52.97304153442383,0.3551118373870849,0.9995153758040356,0.9491525423728814,0.7466666666666667,0.835820895522388,0.9508588365952504,0.8357461551862864,rf_balanced_100,original
Random Forest,class_weight_balanced,2,52.16028380393982,0.3805890083312988,0.9996255176667548,0.953125,0.8133333333333334,0.8776978417266187,0.951234821238131,0.8666205684238064,rf_balanced_100,original
Random Forest,class_weight_balanced,3,51.64552092552185,0.492178201675415,0.9994052339413164,0.9152542372881356,0.7105263157894737,0.8,0.9503452060203466,0.7789559865976203,rf_balanced_100,original
Random Forest,class_weight_balanced,4,53.818275690078735,0.445796251296997,0.9995374041765794,0.8873239436619719,0.8289473684210527,0.8571428571428571,0.971818820550936,0.8373572180212232,rf_balanced_100,original
Random Forest,class_weight_balanced,5,52.86129498481751,0.4824867248535156,0.9996255176667548,0.9154929577464788,0.8552631578947368,0.8843537414965986,0.9519211339248386,0.857877154934892,rf_balanced_100,original
Logistic Regression,original_distribution,1,1.3178982734680176,0.2553131580352783,0.9991629218433342,0.8936170212765957,0.56,0.6885245901639344,0.982674404065812,0.7392503072983232,lr_log1p_none_c01,log1p
Logistic Regression,original_distribution,2,1.4801063537597656,0.16151833534240723,0.9991188650982465,0.8431372549019608,0.5733333333333334,0.6825396825396826,0.9638163323845458,0.7492829147506295,lr_log1p_none_c01,log1p
Logistic Regression,original_distribution,3,1.3845477104187012,0.19367671012878418,0.9991188650982465,0.9090909090909091,0.5263157894736842,0.6666666666666666,0.9725121359223301,0.7077655987651947,lr_log1p_none_c01,log1p
Logistic Regression,original_distribution,4,1.4438354969024658,0.16266345977783203,0.9992069785884219,0.8448275862068966,0.6447368421052632,0.7313432835820896,0.9884760997816695,0.7661524603518163,lr_log1p_none_c01,log1p
Logistic Regression,original_distribution,5,1.4125378131866455,0.16750788688659668,0.9992730637060534,0.8524590163934426,0.6842105263157895,0.7591240875912408,0.9963400613183444,0.800576374024501,lr_log1p_none_c01,log1p
Logistic Regression,original_distribution,1,1.176614761352539,0.15334844589233398,0.9992069785884219,0.8979591836734694,0.5866666666666667,0.7096774193548387,0.9800848760324501,0.7447405887688674,lr_log1p_none_c1,log1p
Logistic Regression,original_distribution,2,1.276346206665039,0.14368176460266113,0.9991408934707904,0.8461538461538461,0.5866666666666667,0.6929133858267716,0.9621723557144224,0.7460445190424495,lr_log1p_none_c1,log1p
Logistic Regression,original_distribution,3,1.1935408115386963,0.1473541259765625,0.9991408934707904,0.9111111111111111,0.5394736842105263,0.6776859504132231,0.9714030635945556,0.7076562691464799,lr_log1p_none_c1,log1p
Logistic Regression,original_distribution,4,1.271960735321045,0.14964008331298828,0.9992290069609657,0.847457627118644,0.6578947368421053,0.7407407407407407,0.9867387466902031,0.7630869098939287,lr_log1p_none_c1,log1p
Logistic Regression,original_distribution,5,1.2453737258911133,0.13300561904907227,0.9992510353335096,0.8387096774193549,0.6842105263157895,0.7536231884057971,0.9962407674083709,0.8053173389741819,lr_log1p_none_c1,log1p
Logistic Regression,original_distribution,1,0.5581295490264893,0.07587313652038574,0.9992069785884219,0.8979591836734694,0.5866666666666667,0.7096774193548387,0.9800466303332525,0.7452518584782025,lr_log1p_none_c10,log1p
Logistic Regression,original_distribution,2,0.6034440994262695,0.07006430625915527,0.9991408934707904,0.8461538461538461,0.5866666666666667,0.6929133858267716,0.9620105469870479,0.7460188547019783,lr_log1p_none_c10,log1p
Logistic Regression,original_distribution,3,0.8043537139892578,0.15828657150268555,0.9991408934707904,0.9111111111111111,0.5394736842105263,0.6776859504132231,0.9712764783759928,0.7078834077627126,lr_log1p_none_c10,log1p
Logistic Regression,original_distribution,4,0.8667511940002441,0.14327383041381836,0.9992290069609657,0.847457627118644,0.6578947368421053,0.7407407407407407,0.9864617689413295,0.762972144711654,lr_log1p_none_c10,log1p
Logistic Regression,original_distribution,5,0.8705365657806396,0.15166997909545898,0.9992510353335096,0.8387096774193549,0.6842105263157895,0.7536231884057971,0.9962207344265341,0.8068707455468872,lr_log1p_none_c10,log1p
Logistic Regression,class_weight_balanced,1,1.4553565979003906,0.15199899673461914,0.9749096836725702,0.055926544240400666,0.8933333333333333,0.10526315789473684,0.9690053911725984,0.7732140620147075,lr_log1p_balanced_c1,log1p
Logistic Regression,class_weight_balanced,2,1.3517704010009766,0.15426874160766602,0.9714952859282756,0.05018450184501845,0.9066666666666666,0.0951048951048951,0.9768039834366703,0.7532401471903705,lr_log1p_balanced_c1,log1p
Logistic Regression,class_weight_balanced,3,1.4605488777160645,0.143019437789917,0.9802625782007225,0.06932773109243698,0.868421052631579,0.12840466926070038,0.9816582082965578,0.709660451175183,lr_log1p_balanced_c1,log1p
Logistic Regression,class_weight_balanced,4,1.5692393779754639,0.10956978797912598,0.9743810027315182,0.05848903330625508,0.9473684210526315,0.11017597551644988,0.9821691944999303,0.7541826048858733,lr_log1p_balanced_c1,log1p
Logistic Regression,class_weight_balanced,5,1.4424633979797363,0.15230464935302734,0.9756586483390607,0.061381074168797956,0.9473684210526315,0.11529223378702963,0.9953886398476333,0.7900332450703332,lr_log1p_balanced_c1,log1p
Logistic Regression,smote,1,4.440908908843994,0.12569546699523926,0.9728169882809058,0.051817478731631866,0.8933333333333333,0.097953216374269,0.9719335407427021,0.7704238846461524,lr_smote_original_c1,original
Logistic Regression,smote,2,4.183285713195801,0.15043902397155762,0.9710987752224866,0.04821037253469686,0.88,0.09141274238227147,0.9780557945911754,0.7388721824516143,lr_smote_original_c1,original
Logistic Regression,smote,3,4.511900186538696,0.1005716323852539,0.9780597409463389,0.06273764258555133,0.868421052631579,0.11702127659574468,0.9798053026431923,0.7116352013180824,lr_smote_original_c1,original
Logistic Regression,smote,4,4.247341871261597,0.13921666145324707,0.9747554850647634,0.05858085808580858,0.9342105263157895,0.11024844720496894,0.9819052817392112,0.7497481826738318,lr_smote_original_c1,original
Logistic Regression,smote,5,4.540537118911743,0.08945298194885254,0.9734337827121332,0.0565149136577708,0.9473684210526315,0.10666666666666667,0.9949322362614391,0.7914254450696409,lr_smote_original_c1,original
Logistic Regression,smote,1,2.982590913772583,0.12438249588012695,0.9725746761829236,0.05138036809815951,0.8933333333333333,0.09717186366932559,0.968497311768643,0.773055487426328,lr_smote_log1p_c1,log1p
Logistic Regression,smote,2,2.7082223892211914,0.1926259994506836,0.9703938673010838,0.047109207708779445,0.88,0.08943089430894309,0.9773500143421372,0.744472359569472,lr_smote_log1p_c1,log1p
Logistic Regression,smote,3,3.171949863433838,0.08051872253417969,0.9780817693188827,0.06279733587059944,0.868421052631579,0.11712511091393078,0.9803447414874344,0.7124670882046739,lr_smote_log1p_c1,log1p
Logistic Regression,smote,4,3.0994582176208496,0.10875916481018066,0.9741827473786236,0.05735056542810985,0.9342105263157895,0.1080669710806697,0.9811324151066103,0.7501662375434112,lr_smote_log1p_c1,log1p
Logistic Regression,smote,5,2.7742130756378174,0.1889345645904541,0.9727509031632743,0.0558530986993114,0.9605263157894737,0.10556760665220535,0.9953041529242347,0.7901135559071738,lr_smote_log1p_c1,log1p
Random Forest,original_distribution,1,265.2007546424866,1.0626378059387207,0.9995153758040356,0.9649122807017544,0.7333333333333333,0.8333333333333334,0.9435471415017321,0.8216264073176719,rf_none_200,original
Random Forest,original_distribution,2,274.1885459423065,0.9085791110992432,0.9996255176667548,0.967741935483871,0.8,0.8759124087591241,0.9376061134279178,0.85499821370754,rf_none_200,original
Random Forest,original_distribution,3,270.08214807510376,0.9621591567993164,0.9992950920785972,0.9230769230769231,0.631578947368421,0.75,0.9176580573233613,0.7783822711316286,rf_none_200,original
Random Forest,original_distribution,4,270.1741943359375,1.0078563690185547,0.9996916027843863,0.9305555555555556,0.881578947368421,0.9054054054054054,0.9779895596227992,0.8665945859590396,rf_none_200,original
Random Forest,original_distribution,5,280.0794200897217,0.949099063873291,0.9996255176667548,0.927536231884058,0.8421052631578947,0.8827586206896552,0.9650000580666139,0.8602675111262547,rf_none_200,original
Random Forest,class_weight_balanced,1,107.92959475517273,0.6755886077880859,0.9995374041765794,0.95,0.76,0.8444444444444444,0.9630851040356567,0.8395889349169771,rf_balanced_200,original
Random Forest,class_weight_balanced,2,105.09979724884033,0.8631031513214111,0.999603489294211,0.9384615384615385,0.8133333333333334,0.8714285714285714,0.9501949795164861,0.8652969749606226,rf_balanced_200,original
Random Forest,class_weight_balanced,3,105.53294897079468,0.8023698329925537,0.9994052339413164,0.9152542372881356,0.7105263157894737,0.8,0.9552572060667998,0.7836299985599574,rf_balanced_200,original
Random Forest,class_weight_balanced,4,107.16787457466125,0.694035530090332,0.9995374041765794,0.8873239436619719,0.8289473684210527,0.8571428571428571,0.9774472174478562,0.8367866339044412,rf_balanced_200,original
Random Forest,class_weight_balanced,5,106.23218131065369,0.767378568649292,0.9996255176667548,0.9154929577464789,0.8552631578947368,0.8843537414965986,0.9699827542156361,0.8584658780157601,rf_balanced_200,original
Random Forest,class_weight_balanced_subsample,1,150.79439043998718,0.7176837921142578,0.9994713190589479,0.9636363636363636,0.7066666666666667,0.8153846153846154,0.9443970786169766,0.8358035741778953,rf_balanced_subsample_200,original
Random Forest,class_weight_balanced_subsample,2,149.7007577419281,0.6918447017669678,0.999603489294211,0.9672131147540983,0.7866666666666666,0.8676470588235294,0.951513279348058,0.8695552885735298,rf_balanced_subsample_200,original
Random Forest,class_weight_balanced_subsample,3,152.9947109222412,0.6199667453765869,0.9993391488236849,0.96,0.631578947368421,0.7619047619047619,0.9180447809727318,0.7760659885271404,rf_balanced_subsample_200,original
Random Forest,class_weight_balanced_subsample,4,155.5422568321228,0.5882735252380371,0.9994933474314918,0.8955223880597015,0.7894736842105263,0.8391608391608392,0.9656405328192503,0.8313225943297773,rf_balanced_subsample_200,original
Random Forest,class_weight_balanced_subsample,5,153.94573879241943,0.6226098537445068,0.9996695744118425,0.9420289855072463,0.8552631578947368,0.896551724137931,0.9789942572118734,0.8626100689183713,rf_balanced_subsample_200,original
Random Forest,class_weight_balanced,1,103.45028686523438,0.7453436851501465,0.9995374041765794,0.9354838709677419,0.7733333333333333,0.8467153284671532,0.9561107065892925,0.8435772105108758,rf_balanced_200_leaf2,original
Random Forest,class_weight_balanced,2,103.69503951072693,0.6864118576049805,0.9996695744118425,0.9411764705882353,0.8533333333333334,0.8951048951048951,0.9623693210652897,0.8696390429288132,rf_balanced_200_leaf2,original
Random Forest,class_weight_balanced,3,101.63671803474426,0.78782057762146,0.9993391488236849,0.859375,0.7236842105263158,0.7857142857142857,0.9468928554838112,0.7771981583731028,rf_balanced_200_leaf2,original
Random Forest,class_weight_balanced,4,103.88986825942993,0.7336142063140869,0.9994933474314918,0.8533333333333334,0.8421052631578947,0.847682119205298,0.9766685441538534,0.8361165813593022,rf_balanced_200_leaf2,original
Random Forest,class_weight_balanced,5,101.16655468940735,0.784238338470459,0.999603489294211,0.8918918918918919,0.868421052631579,0.88,0.956064186835137,0.8531859363681716,rf_balanced_200_leaf2,original
Random Forest,smote,1,276.75435161590576,0.5147368907928467,0.9995814609216671,0.9375,0.8,0.8633093525179856,0.9679784941491436,0.841448183453782,rf_smote_100,original
Random Forest,smote,2,275.3956015110016,0.5359151363372803,0.9996255176667548,0.9142857142857143,0.8533333333333334,0.8827586206896552,0.9471823952104617,0.8564767760383847,rf_smote_100,original
Random Forest,smote,3,264.91076278686523,0.6389942169189453,0.9993611771962287,0.8615384615384616,0.7368421052631579,0.7943262411347518,0.9615680308449852,0.7804523529556331,rf_smote_100,original
Random Forest,smote,4,265.6911072731018,0.5861513614654541,0.9994933474314918,0.8271604938271605,0.881578947368421,0.8535031847133758,0.9770919949365913,0.8000650843672572,rf_smote_100,original
Random Forest,smote,5,272.37187671661377,0.5905218124389648,0.9995594325491233,0.8589743589743589,0.881578947368421,0.8701298701298701,0.9893894876201978,0.8566336880097636,rf_smote_100,original
